{"count": 3526, "em": 0.8201928530913216, "f1": 0.8819650616901631}