{"count": 3526, "em": 0.8145207033465683, "f1": 0.8787747922125254}