{"count": 4882, "em": 0.8303973781237198, "f1": 0.8924944262539194}