{"count": 3526, "em": 0.8196256381168463, "f1": 0.8827973873937406}
