{"count": 3526, "em": 0.7958026091888826, "f1": 0.8589562406262653}