{"count": 3526, "em": 0.819058423142371, "f1": 0.8816660484978531}