{"count": 3526, "em": 0.8318207600680658, "f1": 0.8934403884657819}