{"count": 3526, "em": 0.8420306296086216, "f1": 0.901929361139634}