{"count": 3526, "em": 0.042257515598411795, "f1": 0.08436189891201154}