{"count": 3526, "em": 0.8411798071469087, "f1": 0.9025409814993974}