{"count": 3526, "em": 0.8536585365853658, "f1": 0.9146643111234151}