{"count": 3526, "em": 0.8414634146341463, "f1": 0.902847781039558}