{"count": 4882, "em": 0.831421548545678, "f1": 0.8937860826152193}