{"count": 3526, "em": 0.8312535450935905, "f1": 0.8924546129337787}